round,strategy,dataset,cost,f1,ece
0,Random,yahoo_answers_topics,5.340927425564596,0.0,0.0
1,Random,yahoo_answers_topics,8.992378125543986,0.01818181818181818,0.03283817321062088
2,Random,yahoo_answers_topics,13.857755224438161,0.01927710843373494,0.013158313930034637
3,Random,yahoo_answers_topics,18.349703925937682,0.05047486103694088,0.014140456914901733
4,Random,yahoo_answers_topics,22.390716140300334,0.09208744383217568,0.07283055782318115
5,Random,yahoo_answers_topics,28.230719881906385,0.05626787196753067,0.005872666835784912
6,Random,yahoo_answers_topics,33.91504082389788,0.06614509246088193,0.00877198576927185
7,Random,yahoo_answers_topics,37.64333033884414,0.2220310613539068,0.15999111533164978
8,Random,yahoo_answers_topics,42.847289205712386,0.2512237486044568,0.17474862933158875
9,Random,yahoo_answers_topics,47.17080833525076,0.06339973821440659,0.05341385304927826
10,Random,yahoo_answers_topics,52.07135181104543,0.16813930799348423,0.14847657084465027
11,Random,yahoo_answers_topics,57.54761853029751,0.29677776405329326,0.23859110474586487
12,Random,yahoo_answers_topics,61.5496020807017,0.34477933569030716,0.24447090923786163
13,Random,yahoo_answers_topics,67.05784489744833,0.37340063934746115,0.30606505274772644
14,Random,yahoo_answers_topics,72.54790685271045,0.2528403846099834,0.20899349451065063
15,Random,yahoo_answers_topics,76.61027725889198,0.42354439972021646,0.29401716589927673
16,Random,yahoo_answers_topics,82.54751253184142,0.4726860206493771,0.3196146488189697
17,Random,yahoo_answers_topics,88.20940638151474,0.4440045848073286,0.30687540769577026
18,Random,yahoo_answers_topics,93.97568468782549,0.5216352162031431,0.32035186886787415
19,Random,yahoo_answers_topics,101.02891597453218,0.6200270838659061,0.32438498735427856
20,Random,yahoo_answers_topics,107.04596595139841,0.6056457242960979,0.29794180393218994
21,Random,yahoo_answers_topics,114.23556747362495,0.6070261282281154,0.3316611349582672
22,Random,yahoo_answers_topics,121.0677972860526,0.5943183652215853,0.28174513578414917
23,Random,yahoo_answers_topics,128.23843784843524,0.586507873376481,0.27348750829696655
24,Random,yahoo_answers_topics,134.6607989923607,0.6287836148622001,0.27947351336479187
25,Random,yahoo_answers_topics,140.58957067019574,0.6157601981457688,0.2515467405319214
26,Random,yahoo_answers_topics,145.73911630124363,0.6341267453003515,0.24274557828903198
27,Random,yahoo_answers_topics,153.6796375526004,0.6348719951843079,0.25611451268196106
28,Random,yahoo_answers_topics,163.4714041032556,0.6345438182262733,0.10381200909614563
29,Random,yahoo_answers_topics,169.99140423801168,0.6286340338131804,0.1093774065375328
30,Random,yahoo_answers_topics,176.49472135080245,0.6236223266398271,0.13923774659633636
31,Random,yahoo_answers_topics,183.9085448060477,0.6247578723362406,0.12358220666646957
32,Random,yahoo_answers_topics,193.40176367616945,0.6162082999156464,0.09925175458192825
33,Random,yahoo_answers_topics,200.95768739746632,0.003622419841723097,0.10269373655319214
34,Random,yahoo_answers_topics,207.26685618611216,0.005141747572815534,0.09588733315467834
35,Random,yahoo_answers_topics,214.14757010281127,0.6413443789179056,0.10826054960489273
36,Random,yahoo_answers_topics,220.75726462065165,0.6464929410582791,0.13765865564346313
37,Random,yahoo_answers_topics,227.9686757142279,0.6181087462345609,0.07967512309551239
38,Random,yahoo_answers_topics,235.32673967615014,0.006491271207278092,0.09467257559299469
39,Random,yahoo_answers_topics,245.46282499167054,0.615167161736812,0.08619163930416107
0,Entropy,yahoo_answers_topics,4.512989344095761,0.0,0.0
1,Entropy,yahoo_answers_topics,6.881930050014086,0.041945132344900785,0.01460757851600647
2,Entropy,yahoo_answers_topics,10.199394078613206,0.07069444444444445,0.04906138777732849
3,Entropy,yahoo_answers_topics,15.209699030667014,0.02095808383233533,0.0014984384179115295
4,Entropy,yahoo_answers_topics,17.101300185183423,0.01927710843373494,0.0029152631759643555
5,Entropy,yahoo_answers_topics,22.102876854326585,0.01818181818181818,0.01157785952091217
6,Entropy,yahoo_answers_topics,31.638323148172383,0.06462513304618567,0.0480373352766037
7,Entropy,yahoo_answers_topics,37.49237720253086,0.06831510677200123,0.030778467655181885
8,Entropy,yahoo_answers_topics,39.016045128051005,0.17374785641978988,0.12023518979549408
9,Entropy,yahoo_answers_topics,41.707264588694855,0.13981035173287687,0.08701170980930328
10,Entropy,yahoo_answers_topics,49.693418224208386,0.3585322348783162,0.27358198165893555
11,Entropy,yahoo_answers_topics,51.80714824739703,0.3299877999800157,0.22475123405456543
12,Entropy,yahoo_answers_topics,53.87669848600828,0.37134716243656934,0.3160814046859741
13,Entropy,yahoo_answers_topics,63.5459982292947,0.22839789590566445,0.13641409575939178
14,Entropy,yahoo_answers_topics,66.98012113374394,0.4140802785181187,0.2761295735836029
15,Entropy,yahoo_answers_topics,71.6915836978397,0.48717800546127865,0.3686935305595398
16,Entropy,yahoo_answers_topics,75.3188212138776,0.5173937288007556,0.41214606165885925
17,Entropy,yahoo_answers_topics,80.61798925474461,0.5305439561918087,0.37720829248428345
18,Entropy,yahoo_answers_topics,83.8186349335176,0.4359478853600941,0.3543960154056549
19,Entropy,yahoo_answers_topics,89.68579965877652,0.35434396159119413,0.24627605080604553
20,Entropy,yahoo_answers_topics,95.45382241914764,0.5540866927920445,0.3533310890197754
21,Entropy,yahoo_answers_topics,99.45143079812769,0.399202777025363,0.2543730139732361
22,Entropy,yahoo_answers_topics,103.19013556729247,0.5612422030973451,0.38244950771331787
23,Entropy,yahoo_answers_topics,106.6362276992447,0.5643358637630805,0.3556191325187683
24,Entropy,yahoo_answers_topics,109.49225461500936,0.5503212464447074,0.3021472990512848
25,Entropy,yahoo_answers_topics,113.94760086643987,0.563942815680659,0.31586945056915283
26,Entropy,yahoo_answers_topics,120.1737724392156,0.6146082826768353,0.2644219696521759
27,Entropy,yahoo_answers_topics,124.61336876549854,0.5638966846265656,0.27336999773979187
28,Entropy,yahoo_answers_topics,129.17270339731652,0.5882909007440148,0.28128179907798767
29,Entropy,yahoo_answers_topics,134.1808973240342,0.5603596561203051,0.2703567445278168
30,Entropy,yahoo_answers_topics,141.52806986973962,0.6074755552391351,0.34565454721450806
31,Entropy,yahoo_answers_topics,148.47269786304207,0.6209450850769195,0.34302085638046265
32,Entropy,yahoo_answers_topics,153.2263577940818,0.625676091214647,0.3236517310142517
33,Entropy,yahoo_answers_topics,157.45573476596917,0.6018701592481683,0.19609050452709198
34,Entropy,yahoo_answers_topics,163.04445302223107,0.005115730502727407,0.09628530591726303
35,Entropy,yahoo_answers_topics,166.87336549134372,0.5902143982754555,0.1421172320842743
36,Entropy,yahoo_answers_topics,172.77786513355446,0.6079394589859983,0.18211713433265686
37,Entropy,yahoo_answers_topics,179.05532086594346,0.39504243497762626,0.3355785012245178
38,Entropy,yahoo_answers_topics,184.76979817058537,0.6010683521028864,0.2822066843509674
39,Entropy,yahoo_answers_topics,189.60940267928225,0.6327998002211739,0.21603280305862427
0,LeastConfidence,yahoo_answers_topics,4.438819663383798,0.0,0.0
1,LeastConfidence,yahoo_answers_topics,10.16140762608746,0.022485207100591716,0.0036684423685073853
2,LeastConfidence,yahoo_answers_topics,18.81857035157534,0.013664596273291927,0.0523318275809288
3,LeastConfidence,yahoo_answers_topics,24.028532108876018,0.03548821548821549,0.012182720005512238
4,LeastConfidence,yahoo_answers_topics,30.529813061779414,0.022619047619047622,0.019548863172531128
5,LeastConfidence,yahoo_answers_topics,36.5985205762952,0.022485207100591716,0.016997158527374268
6,LeastConfidence,yahoo_answers_topics,43.12194721266998,0.04656100938605939,0.03378375619649887
7,LeastConfidence,yahoo_answers_topics,51.18683959856999,0.08790778712255791,0.05158275365829468
8,LeastConfidence,yahoo_answers_topics,61.61392553647413,0.15493258781202476,0.0965707004070282
9,LeastConfidence,yahoo_answers_topics,71.20348018702751,0.20584499494228492,0.1489856094121933
10,LeastConfidence,yahoo_answers_topics,77.10665339467019,0.19274060390439698,0.1743120402097702
11,LeastConfidence,yahoo_answers_topics,79.30458076394919,0.3116420707188859,0.24739596247673035
12,LeastConfidence,yahoo_answers_topics,83.20590123327494,0.4101467282369538,0.2913814187049866
13,LeastConfidence,yahoo_answers_topics,91.04044459223043,0.36556520982078416,0.2800582945346832
14,LeastConfidence,yahoo_answers_topics,93.2818052846161,0.45702340375453804,0.3253340721130371
15,LeastConfidence,yahoo_answers_topics,97.34277033647379,0.4940495220000821,0.34450724720954895
16,LeastConfidence,yahoo_answers_topics,101.12264865430916,0.5528783609687251,0.33108195662498474
17,LeastConfidence,yahoo_answers_topics,105.30379930817381,0.5479554658514416,0.33233416080474854
18,LeastConfidence,yahoo_answers_topics,109.37517058744996,0.553655392720143,0.330791711807251
19,LeastConfidence,yahoo_answers_topics,114.17208252984575,0.5152354354704403,0.30931809544563293
20,LeastConfidence,yahoo_answers_topics,118.27220095733983,0.584703912554435,0.33936747908592224
21,LeastConfidence,yahoo_answers_topics,125.7577771789968,0.5424545673541301,0.28996628522872925
22,LeastConfidence,yahoo_answers_topics,130.41964896354443,0.565819664377823,0.28136909008026123
23,LeastConfidence,yahoo_answers_topics,134.86081781276735,0.5339553904797136,0.2645419239997864
24,LeastConfidence,yahoo_answers_topics,139.34352465496184,0.5890427307318225,0.2923312783241272
25,LeastConfidence,yahoo_answers_topics,144.83036384332885,0.5814179429836451,0.2729434669017792
26,LeastConfidence,yahoo_answers_topics,150.79478386326824,0.5851983722999128,0.30416855216026306
27,LeastConfidence,yahoo_answers_topics,155.1922368194049,0.634770439117357,0.2907435894012451
28,LeastConfidence,yahoo_answers_topics,158.80087962573228,0.6228352525964431,0.3349718153476715
29,LeastConfidence,yahoo_answers_topics,163.91092364570463,0.01111111111111111,0.0988050103187561
30,LeastConfidence,yahoo_answers_topics,169.11163256900485,0.6490784204370031,0.29966801404953003
31,LeastConfidence,yahoo_answers_topics,175.2272570780851,0.5924923012252774,0.2373010814189911
32,LeastConfidence,yahoo_answers_topics,179.9474814416118,0.007193406220866175,0.09760387986898422
33,LeastConfidence,yahoo_answers_topics,185.37425710935128,0.627941374088609,0.15734651684761047
34,LeastConfidence,yahoo_answers_topics,193.43786778564274,0.003221632811489196,0.10032816231250763
35,LeastConfidence,yahoo_answers_topics,200.40018320634493,0.002777777777777778,0.09665699303150177
36,LeastConfidence,yahoo_answers_topics,206.67884913558353,0.009548985975179095,0.11632463335990906
37,LeastConfidence,yahoo_answers_topics,214.0347421038467,0.6414218994483896,0.22496835887432098
38,LeastConfidence,yahoo_answers_topics,221.25211803268834,0.011936850211782826,0.1210862398147583
39,LeastConfidence,yahoo_answers_topics,226.55835869520465,0.6070723391271338,0.10611306130886078
0,Margin,yahoo_answers_topics,4.536491642339276,0.0,0.0
1,Margin,yahoo_answers_topics,7.3939362880504085,0.021148036253776436,0.004273071885108948
2,Margin,yahoo_answers_topics,9.75035186504428,0.01818181818181818,0.012144014239311218
3,Margin,yahoo_answers_topics,13.177982685814051,0.03949579831932772,0.011890843510627747
4,Margin,yahoo_answers_topics,17.65511330267498,0.06262650103913306,0.05001705139875412
5,Margin,yahoo_answers_topics,21.56871089663605,0.018237082066869303,0.010539166629314423
6,Margin,yahoo_answers_topics,25.826273494704978,0.05276287728695343,0.005583666265010834
7,Margin,yahoo_answers_topics,28.118498286438893,0.03293682262754428,0.012277744710445404
8,Margin,yahoo_answers_topics,31.62440727981526,0.10050774718893185,0.0828917995095253
9,Margin,yahoo_answers_topics,37.27550119735497,0.23640018390793247,0.2163565754890442
10,Margin,yahoo_answers_topics,42.31812820192947,0.027874564459930317,0.0038178637623786926
11,Margin,yahoo_answers_topics,47.23859724488659,0.24099030639709595,0.22661864757537842
12,Margin,yahoo_answers_topics,53.07558087982161,0.2849845065662856,0.2715207040309906
13,Margin,yahoo_answers_topics,57.417621162137806,0.4781734663693819,0.34966573119163513
14,Margin,yahoo_answers_topics,62.427193368984376,0.42340257028629225,0.2914343774318695
15,Margin,yahoo_answers_topics,68.00932919329648,0.5381157482954365,0.3749503493309021
16,Margin,yahoo_answers_topics,72.66343510146582,0.5255207810005473,0.3823402523994446
17,Margin,yahoo_answers_topics,78.81584022600926,0.5530305186642849,0.39713114500045776
18,Margin,yahoo_answers_topics,84.2548084220142,0.5187844051301341,0.34953951835632324
19,Margin,yahoo_answers_topics,90.50716558639638,0.6308866688866688,0.35787588357925415
20,Margin,yahoo_answers_topics,95.92672744126615,0.25089335263456286,0.17369569838047028
21,Margin,yahoo_answers_topics,102.6012760442917,0.5745394653039274,0.33567216992378235
22,Margin,yahoo_answers_topics,106.8942373560463,0.5285814130399737,0.24200278520584106
23,Margin,yahoo_answers_topics,113.07948657923725,0.6128194823446894,0.375753253698349
24,Margin,yahoo_answers_topics,118.86456735561454,0.5802078813209508,0.2577289044857025
25,Margin,yahoo_answers_topics,124.72943718212072,0.5764587510644904,0.34270137548446655
26,Margin,yahoo_answers_topics,130.66174036932895,0.5400689922691069,0.3470532298088074
27,Margin,yahoo_answers_topics,138.52416934742266,0.5690067249551348,0.29367053508758545
28,Margin,yahoo_answers_topics,144.8105005093974,0.014935064935064935,0.10181178897619247
29,Margin,yahoo_answers_topics,151.32486475118543,0.6075168188525726,0.30103328824043274
30,Margin,yahoo_answers_topics,156.83683109048735,0.6228056546781362,0.30887120962142944
31,Margin,yahoo_answers_topics,161.63819132342803,0.6518602503246652,0.300356388092041
32,Margin,yahoo_answers_topics,168.51132526390373,0.6396148738992868,0.27026501297950745
33,Margin,yahoo_answers_topics,175.46047246351378,0.6444906081525872,0.3002113997936249
34,Margin,yahoo_answers_topics,180.02142440044156,0.6506850854974169,0.3233250677585602
35,Margin,yahoo_answers_topics,185.3909362951617,0.585529940459306,0.2098310887813568
36,Margin,yahoo_answers_topics,191.9094914424941,0.6073907294543562,0.18000489473342896
37,Margin,yahoo_answers_topics,198.57786400509983,0.5904238866216434,0.17544935643672943
38,Margin,yahoo_answers_topics,203.12278842217515,0.5883162389273642,0.18200117349624634
39,Margin,yahoo_answers_topics,210.9774524419766,0.6211160768008408,0.21140140295028687
0,CoreSet,yahoo_answers_topics,4.362607253938527,0.0,0.0
1,CoreSet,yahoo_answers_topics,9.25895710621861,0.013664596273291927,0.04560413956642151
2,CoreSet,yahoo_answers_topics,13.49361161985387,0.0524749373433584,0.035113438963890076
3,CoreSet,yahoo_answers_topics,17.974756825787352,0.01818181818181818,0.01172485202550888
4,CoreSet,yahoo_answers_topics,22.878151947810252,0.01834862385321101,0.009736940264701843
5,CoreSet,yahoo_answers_topics,27.850983529607014,0.048095238095238094,0.019887275993824005
6,CoreSet,yahoo_answers_topics,34.42163373951696,0.11438728336863202,0.0464819073677063
7,CoreSet,yahoo_answers_topics,39.9127140157321,0.1373637301499625,0.04977322369813919
8,CoreSet,yahoo_answers_topics,44.37008043636467,0.2958347412826287,0.24553517997264862
9,CoreSet,yahoo_answers_topics,48.89996389446083,0.1624992447576663,0.15755493938922882
10,CoreSet,yahoo_answers_topics,54.11475138329034,0.277386462144391,0.18094535171985626
11,CoreSet,yahoo_answers_topics,59.979015804830965,0.44300485791289923,0.3196759819984436
12,CoreSet,yahoo_answers_topics,63.80230268296872,0.3739226502708684,0.3141571879386902
13,CoreSet,yahoo_answers_topics,68.82960692003697,0.4031730906299688,0.33297306299209595
14,CoreSet,yahoo_answers_topics,73.89137039569172,0.43649687202253357,0.33163562417030334
15,CoreSet,yahoo_answers_topics,77.74847957391229,0.5265235114415442,0.36004096269607544
16,CoreSet,yahoo_answers_topics,83.78766124708868,0.5701855894894746,0.38733184337615967
17,CoreSet,yahoo_answers_topics,89.5308315944141,0.6016334378194865,0.4083479642868042
18,CoreSet,yahoo_answers_topics,96.8927838178548,0.5552496392496392,0.32767555117607117
19,CoreSet,yahoo_answers_topics,104.2247916198041,0.5606923447748671,0.35629796981811523
20,CoreSet,yahoo_answers_topics,109.93751301849507,0.6167287369493252,0.3495544493198395
21,CoreSet,yahoo_answers_topics,115.04597070605111,0.5661042792736014,0.3179906904697418
22,CoreSet,yahoo_answers_topics,123.18766725392753,0.6312999844041012,0.3102978765964508
23,CoreSet,yahoo_answers_topics,128.67274910529983,0.6290099580085313,0.31697070598602295
24,CoreSet,yahoo_answers_topics,135.53568966010334,0.5972231545564403,0.27042946219444275
25,CoreSet,yahoo_answers_topics,142.138072268983,0.6001395142764753,0.24688759446144104
26,CoreSet,yahoo_answers_topics,148.47112230195444,0.5830396531011366,0.27278876304626465
27,CoreSet,yahoo_answers_topics,156.57120082991392,0.6438419588906987,0.24756380915641785
28,CoreSet,yahoo_answers_topics,163.13723598894063,0.004,0.12086497247219086
29,CoreSet,yahoo_answers_topics,170.13876338733638,0.6334952825277982,0.1485835313796997
30,CoreSet,yahoo_answers_topics,177.20108525765278,0.005674325674325674,0.106182761490345
31,CoreSet,yahoo_answers_topics,183.67857167061862,0.00320855614973262,0.10173003375530243
32,CoreSet,yahoo_answers_topics,190.98823330117716,0.6126359843213955,0.1722021996974945
33,CoreSet,yahoo_answers_topics,196.60829459268155,0.013047189550306926,0.09311117976903915
34,CoreSet,yahoo_answers_topics,203.2455806911263,0.6360127706088745,0.14913207292556763
35,CoreSet,yahoo_answers_topics,209.5228366435635,0.6475079939394127,0.11296679079532623
36,CoreSet,yahoo_answers_topics,217.3051041349498,0.0,0.11466791480779648
37,CoreSet,yahoo_answers_topics,223.9833641960637,0.6227039065254129,0.08404771983623505
38,CoreSet,yahoo_answers_topics,232.3323911613319,0.6319991292909162,0.10457922518253326
39,CoreSet,yahoo_answers_topics,240.33770611504167,0.6406324529568992,0.10048840194940567
0,BADGE,yahoo_answers_topics,3.023649710612777,0.0,0.0
1,BADGE,yahoo_answers_topics,8.825684457931123,0.01981981981981982,0.010226666927337646
2,BADGE,yahoo_answers_topics,14.009557651924041,0.026672369546621045,0.007725216448307037
3,BADGE,yahoo_answers_topics,18.686974381701756,0.03425182807205279,0.006023474037647247
4,BADGE,yahoo_answers_topics,24.4592072267294,0.09998190625037504,0.068128801882267
5,BADGE,yahoo_answers_topics,29.697991623148113,0.01981981981981982,0.0033238083124160767
6,BADGE,yahoo_answers_topics,33.328823703655324,0.022485207100591716,0.011537447571754456
7,BADGE,yahoo_answers_topics,39.09773457960047,0.11156587031177372,0.07539858669042587
8,BADGE,yahoo_answers_topics,43.110987152846526,0.12564834868650898,0.07217936962842941
9,BADGE,yahoo_answers_topics,48.460837547153304,0.0648118846694796,0.059161774814128876
10,BADGE,yahoo_answers_topics,52.38805222368892,0.37322293564815934,0.26841452717781067
11,BADGE,yahoo_answers_topics,57.74660425801453,0.1611565341084792,0.15299147367477417
12,BADGE,yahoo_answers_topics,63.8844353677828,0.5388782814360222,0.38821089267730713
13,BADGE,yahoo_answers_topics,68.2166246187052,0.5514865661435123,0.39213305711746216
14,BADGE,yahoo_answers_topics,75.70518932785923,0.513151651866641,0.3624449372291565
15,BADGE,yahoo_answers_topics,80.82615510498827,0.5294996619719006,0.3680129051208496
16,BADGE,yahoo_answers_topics,86.20636369233368,0.4510958955821981,0.3529784679412842
17,BADGE,yahoo_answers_topics,92.06606826799957,0.5024139745187346,0.3159691393375397
18,BADGE,yahoo_answers_topics,97.73450648258934,0.6337599600140955,0.39062047004699707
19,BADGE,yahoo_answers_topics,102.93454001859786,0.5953312723775518,0.34885862469673157
20,BADGE,yahoo_answers_topics,107.71566231113125,0.6238797848207035,0.3400775194168091
21,BADGE,yahoo_answers_topics,112.5719131814882,0.6015015193861066,0.2921702563762665
22,BADGE,yahoo_answers_topics,119.16754074536874,0.6350949793696723,0.27523401379585266
23,BADGE,yahoo_answers_topics,125.59844097633948,0.6231558389279952,0.29943835735321045
24,BADGE,yahoo_answers_topics,131.33206889522637,0.6113030307142912,0.23654203116893768
25,BADGE,yahoo_answers_topics,140.27256774042465,0.5846609204697442,0.21315759420394897
26,BADGE,yahoo_answers_topics,146.32217120929386,0.6211450963720848,0.2526099681854248
27,BADGE,yahoo_answers_topics,152.75180532426526,0.6463884927486943,0.259979784488678
28,BADGE,yahoo_answers_topics,158.3344626438801,0.6520211661288939,0.23883266746997833
29,BADGE,yahoo_answers_topics,162.2646621447522,0.6682106002019745,0.10649672150611877
30,BADGE,yahoo_answers_topics,172.06673835211046,0.6598009216165875,0.23333455622196198
31,BADGE,yahoo_answers_topics,178.8491129262936,0.6263023727980827,0.34381726384162903
32,BADGE,yahoo_answers_topics,185.69205437165087,0.004319559228650138,0.0985095277428627
33,BADGE,yahoo_answers_topics,191.20796737647194,0.600928552253539,0.07782405614852905
34,BADGE,yahoo_answers_topics,198.14161844515928,0.004139549770617731,0.12132036685943604
35,BADGE,yahoo_answers_topics,205.08117751301373,0.6271281750866214,0.09762552380561829
36,BADGE,yahoo_answers_topics,213.6896884216848,0.647209372737346,0.10567045956850052
37,BADGE,yahoo_answers_topics,220.55339797343254,0.6466931809203149,0.1173492893576622
38,BADGE,yahoo_answers_topics,228.16371907979936,0.6353975225218699,0.09051930904388428
39,BADGE,yahoo_answers_topics,236.7436868110087,0.6348759850438681,0.07963280379772186
0,CAL-Linear,yahoo_answers_topics,1.107232906141301,0.0,0.0
1,CAL-Linear,yahoo_answers_topics,2.2674843026062446,0.02035928143712575,0.01114586740732193
2,CAL-Linear,yahoo_answers_topics,3.5311171132144725,0.021862538118695752,0.029879942536354065
3,CAL-Linear,yahoo_answers_topics,4.763069552046296,0.018237082066869303,0.0039542242884635925
4,CAL-Linear,yahoo_answers_topics,6.082201343586318,0.045740454076367384,0.0044666677713394165
5,CAL-Linear,yahoo_answers_topics,7.44353186636217,0.01818181818181818,0.010763004422187805
6,CAL-Linear,yahoo_answers_topics,8.871601392577746,0.01981981981981982,0.0009292885661125183
7,CAL-Linear,yahoo_answers_topics,10.287168705918724,0.032327868852459016,0.005861349403858185
8,CAL-Linear,yahoo_answers_topics,11.773069208345984,0.014241486068111453,0.03137703984975815
9,CAL-Linear,yahoo_answers_topics,13.261593914166134,0.049060836117015894,0.0025706514716148376
10,CAL-Linear,yahoo_answers_topics,14.86133783971647,0.058599290780141845,0.01292426884174347
11,CAL-Linear,yahoo_answers_topics,16.46714987826561,0.04203389830508475,0.02223922312259674
12,CAL-Linear,yahoo_answers_topics,18.156551197469895,0.0837649005011434,0.058280229568481445
13,CAL-Linear,yahoo_answers_topics,19.843768688296077,0.055049249746847086,0.05761392414569855
14,CAL-Linear,yahoo_answers_topics,21.560075885566608,0.07072534035683269,0.006823159754276276
15,CAL-Linear,yahoo_answers_topics,23.361484356709948,0.13751922908941777,0.10729759186506271
16,CAL-Linear,yahoo_answers_topics,25.166617413568833,0.08243562539427653,0.08823687583208084
17,CAL-Linear,yahoo_answers_topics,27.016273936672736,0.014374999999999999,0.030982472002506256
18,CAL-Linear,yahoo_answers_topics,28.89096399312726,0.0909137968613775,0.06370080262422562
19,CAL-Linear,yahoo_answers_topics,30.89818983627629,0.25281479186393047,0.18215033411979675
20,CAL-Linear,yahoo_answers_topics,32.9387022238791,0.21453698235000657,0.16448014974594116
21,CAL-Linear,yahoo_answers_topics,35.02588196365746,0.3457706731417839,0.2505760192871094
22,CAL-Linear,yahoo_answers_topics,37.18332454017162,0.402340015904871,0.2935108244419098
23,CAL-Linear,yahoo_answers_topics,39.41014531553741,0.47713880870831843,0.36417078971862793
24,CAL-Linear,yahoo_answers_topics,41.66633804853704,0.3723208790032557,0.26160693168640137
25,CAL-Linear,yahoo_answers_topics,44.02714016866292,0.48400180072578464,0.3222559094429016
26,CAL-Linear,yahoo_answers_topics,46.420028720944345,0.3446564730307488,0.2815300524234772
27,CAL-Linear,yahoo_answers_topics,48.930546488127796,0.012590889382333232,0.09005512297153473
28,CAL-Linear,yahoo_answers_topics,51.455568683030336,0.5086761155439177,0.2504424452781677
29,CAL-Linear,yahoo_answers_topics,54.025054923818125,0.43924943180574283,0.29016581177711487
30,CAL-Linear,yahoo_answers_topics,56.667860211069225,0.5027761885380934,0.2276516556739807
31,CAL-Linear,yahoo_answers_topics,59.388457488905146,0.5441356183741923,0.3182336091995239
32,CAL-Linear,yahoo_answers_topics,62.24735324936491,0.47868328358640283,0.16338230669498444
33,CAL-Linear,yahoo_answers_topics,65.16459032440589,0.5807055238863803,0.2908400893211365
34,CAL-Linear,yahoo_answers_topics,68.14849250490673,0.5599251108028545,0.29057541489601135
35,CAL-Linear,yahoo_answers_topics,71.09555848321244,0.004018492176386913,0.12080895900726318
36,CAL-Linear,yahoo_answers_topics,74.20388798644242,0.006661110278693437,0.09277521818876266
37,CAL-Linear,yahoo_answers_topics,77.45980229768726,0.5640089952767859,0.12022325396537781
38,CAL-Linear,yahoo_answers_topics,80.73015030714375,0.014374999999999999,0.0270465686917305
39,CAL-Linear,yahoo_answers_topics,84.03265483009719,0.015604458964641183,0.09185563027858734
0,CAL-Log,yahoo_answers_topics,1.1084051206971843,0.0,0.0
1,CAL-Log,yahoo_answers_topics,2.2663508812374364,0.01981981981981982,0.00564190000295639
2,CAL-Log,yahoo_answers_topics,3.5258574564546814,0.020420420420420422,0.0036094263195991516
3,CAL-Log,yahoo_answers_topics,4.782079709757589,0.035172509803011676,0.02449258416891098
4,CAL-Log,yahoo_answers_topics,6.105026071563588,0.07729762061963305,0.05892733484506607
5,CAL-Log,yahoo_answers_topics,7.461814166233245,0.02886904761904762,0.024299338459968567
6,CAL-Log,yahoo_answers_topics,8.876310908826419,0.03368785726658583,0.006903462111949921
7,CAL-Log,yahoo_answers_topics,10.274276511205564,0.03368383404864092,0.01732366532087326
8,CAL-Log,yahoo_answers_topics,11.761509169182968,0.02707953855494839,4.429370164871216e-05
9,CAL-Log,yahoo_answers_topics,13.330994469824898,0.01370716510903427,0.035763174295425415
10,CAL-Log,yahoo_answers_topics,14.942414810645097,0.0853297428075297,0.04231917858123779
11,CAL-Log,yahoo_answers_topics,16.565166327398632,0.04509513884219727,0.018583260476589203
12,CAL-Log,yahoo_answers_topics,18.219520451608155,0.04365730923846848,0.008790358901023865
13,CAL-Log,yahoo_answers_topics,19.901312712277857,0.014241486068111453,0.03248734772205353
14,CAL-Log,yahoo_answers_topics,21.61315015346813,0.08858082299503037,0.04578285664319992
15,CAL-Log,yahoo_answers_topics,23.414261344339906,0.16054081136739565,0.07554690539836884
16,CAL-Log,yahoo_answers_topics,25.21644212130095,0.17135349943408604,0.10044008493423462
17,CAL-Log,yahoo_answers_topics,27.12992457926328,0.026887218963831866,0.026711463928222656
18,CAL-Log,yahoo_answers_topics,29.057021015561897,0.39383851435515516,0.2841911315917969
19,CAL-Log,yahoo_answers_topics,31.03747400860042,0.3950439790989477,0.3007017970085144
20,CAL-Log,yahoo_answers_topics,33.05392262037518,0.18248272463275103,0.11029259860515594
21,CAL-Log,yahoo_answers_topics,35.10837320131629,0.38698567841964854,0.3089815378189087
22,CAL-Log,yahoo_answers_topics,37.20325169390528,0.23568092059656376,0.2175203263759613
23,CAL-Log,yahoo_answers_topics,39.382170112609835,0.24962431626060386,0.18656156957149506
24,CAL-Log,yahoo_answers_topics,41.6302211623619,0.474731936029122,0.35188576579093933
25,CAL-Log,yahoo_answers_topics,43.98058988431446,0.4100981184950573,0.32125359773635864
26,CAL-Log,yahoo_answers_topics,46.35445027410467,0.42362876276826994,0.3180150091648102
27,CAL-Log,yahoo_answers_topics,48.81139817964148,0.4376646711274451,0.27722302079200745
28,CAL-Log,yahoo_answers_topics,51.38696386922336,0.5303445503895234,0.34402912855148315
29,CAL-Log,yahoo_answers_topics,54.11022522934589,0.5559031028618736,0.23963390290737152
30,CAL-Log,yahoo_answers_topics,56.61158650303539,0.4855422391902737,0.3843315839767456
31,CAL-Log,yahoo_answers_topics,59.42369388183419,0.5759414034092695,0.30611515045166016
32,CAL-Log,yahoo_answers_topics,62.4311240064383,0.5855897912936869,0.3118683993816376
33,CAL-Log,yahoo_answers_topics,65.3947137581893,0.5988726049575106,0.3375879228115082
34,CAL-Log,yahoo_answers_topics,68.61990219441631,0.6049011963385313,0.2876567840576172
35,CAL-Log,yahoo_answers_topics,72.01379414265179,0.5751798262731678,0.17366337776184082
36,CAL-Log,yahoo_answers_topics,75.01462699905831,0.5972008326437304,0.3524881899356842
37,CAL-Log,yahoo_answers_topics,78.54769469439172,0.6131217345203664,0.1957501471042633
38,CAL-Log,yahoo_answers_topics,82.00818654660391,0.6159698430270049,0.29548218846321106
39,CAL-Log,yahoo_answers_topics,85.70613181308485,0.6175027342883077,0.24961495399475098
0,Random,SetFit/20_newsgroups,7.537807683021723,0.0,0.0
1,Random,SetFit/20_newsgroups,17.064450093522797,0.015762273901808788,0.006140325218439102
2,Random,SetFit/20_newsgroups,27.695667639154784,0.005063291139240507,0.008528072386980057
3,Random,SetFit/20_newsgroups,56.53524122747288,0.004153354632587859,0.01821821928024292
4,Random,SetFit/20_newsgroups,77.8895794619313,0.005379746835443038,0.0008468516170978546
5,Random,SetFit/20_newsgroups,107.26887157734187,0.005660377358490566,0.00144924595952034
6,Random,SetFit/20_newsgroups,130.15266745096807,0.030885368501467576,0.03269875794649124
7,Random,SetFit/20_newsgroups,143.76837260149628,0.027760318739367896,0.039409294724464417
8,Random,SetFit/20_newsgroups,163.59571242791276,0.09528290423027265,0.05673461779952049
9,Random,SetFit/20_newsgroups,180.31681168206495,0.040905335628227193,0.0644843578338623
10,Random,SetFit/20_newsgroups,210.74516190628265,0.04286950491446924,0.011951277032494545
11,Random,SetFit/20_newsgroups,238.80473912816302,0.08985999507972385,0.09296225011348724
12,Random,SetFit/20_newsgroups,317.4890019638401,0.3150838627578431,0.29427117109298706
13,Random,SetFit/20_newsgroups,348.35172359901605,0.23370323854548203,0.20454925298690796
14,Random,SetFit/20_newsgroups,377.63153524535954,0.2125606288131472,0.21686401963233948
15,Random,SetFit/20_newsgroups,401.8198719180899,0.2801004928048002,0.24973206222057343
16,Random,SetFit/20_newsgroups,436.66431379351843,0.345791546211919,0.2765798568725586
17,Random,SetFit/20_newsgroups,478.96210982692435,0.3619630280356891,0.2994511127471924
18,Random,SetFit/20_newsgroups,529.915891781064,0.3817945357692831,0.2798120975494385
19,Random,SetFit/20_newsgroups,569.2937444153883,0.3359453474663202,0.24022872745990753
20,Random,SetFit/20_newsgroups,598.7084291672269,0.38273380482098984,0.2720274329185486
21,Random,SetFit/20_newsgroups,631.7000869317129,0.4660011429648526,0.3194162845611572
22,Random,SetFit/20_newsgroups,708.1101508202057,0.39356444304043203,0.27888867259025574
23,Random,SetFit/20_newsgroups,766.0248543294981,0.4248072338487209,0.26134276390075684
24,Random,SetFit/20_newsgroups,840.197365661723,0.44690853886168425,0.2798439860343933
25,Random,SetFit/20_newsgroups,881.6661098651273,0.42935306202703305,0.265583336353302
26,Random,SetFit/20_newsgroups,930.6256500659092,0.4406993567420474,0.23876170814037323
27,Random,SetFit/20_newsgroups,1016.0972128853862,0.4676628386055649,0.3117617666721344
28,Random,SetFit/20_newsgroups,1069.2085764304397,0.46470700856088687,0.23102888464927673
29,Random,SetFit/20_newsgroups,1134.8161326335714,0.5138713448553673,0.2864637076854706
30,Random,SetFit/20_newsgroups,1175.5405106031517,0.5241413968392121,0.3179720640182495
31,Random,SetFit/20_newsgroups,1234.4333209690994,0.47764986758509254,0.2756500244140625
32,Random,SetFit/20_newsgroups,1317.2378676576159,0.5334095115479852,0.2771986722946167
33,Random,SetFit/20_newsgroups,1387.3559303644386,0.4752011483663563,0.2247491180896759
34,Random,SetFit/20_newsgroups,1424.7708261424389,0.5499478964420869,0.2757972776889801
35,Random,SetFit/20_newsgroups,1501.006995455131,0.49933053147410356,0.21842367947101593
36,Random,SetFit/20_newsgroups,1643.7442438059413,0.5122851304030971,0.2141183316707611
37,Random,SetFit/20_newsgroups,1723.5490793394058,0.5212419914771746,0.0921199768781662
38,Random,SetFit/20_newsgroups,1796.6091196439736,0.5539056734662937,0.19172494113445282
39,Random,SetFit/20_newsgroups,1839.9407128611113,0.5188951632062946,0.2107064425945282
0,Entropy,SetFit/20_newsgroups,11.921470502586876,0.0,0.0
1,Entropy,SetFit/20_newsgroups,64.27409677670053,0.0047619047619047615,0.013939682394266129
2,Entropy,SetFit/20_newsgroups,96.30179154461344,0.01733295795795796,0.014005636796355247
3,Entropy,SetFit/20_newsgroups,123.15937372207215,0.007326492331457575,0.01686110720038414
4,Entropy,SetFit/20_newsgroups,143.52393878112161,0.011596638655462186,0.006254609674215317
5,Entropy,SetFit/20_newsgroups,158.61517784305343,0.029822798684691267,0.010905243456363678
6,Entropy,SetFit/20_newsgroups,175.5611909939975,0.011397306397306397,0.015689074993133545
7,Entropy,SetFit/20_newsgroups,217.29463376183134,0.0047619047619047615,0.007330283522605896
8,Entropy,SetFit/20_newsgroups,222.4019687866291,0.04922873422873423,0.041099391877651215
9,Entropy,SetFit/20_newsgroups,269.1799373257315,0.013765343535788298,0.01792002096772194
10,Entropy,SetFit/20_newsgroups,296.1468475764482,0.046616645327458996,0.0330028310418129
11,Entropy,SetFit/20_newsgroups,304.3020148976406,0.04250282228282723,0.035596515983343124
12,Entropy,SetFit/20_newsgroups,314.4654288939028,0.022570819372525135,0.00904485210776329
13,Entropy,SetFit/20_newsgroups,320.64206332460844,0.14815510657650402,0.1125529333949089
14,Entropy,SetFit/20_newsgroups,327.6629690292433,0.2140106973846489,0.21577443182468414
15,Entropy,SetFit/20_newsgroups,342.59476557960005,0.14829330112289438,0.1504361778497696
16,Entropy,SetFit/20_newsgroups,371.07058566684464,0.20665347677486298,0.18802422285079956
17,Entropy,SetFit/20_newsgroups,406.0463692122577,0.405495409543446,0.33745598793029785
18,Entropy,SetFit/20_newsgroups,426.3627563472827,0.230603962848686,0.17523333430290222
19,Entropy,SetFit/20_newsgroups,472.8454071980741,0.24557188659405632,0.22389304637908936
20,Entropy,SetFit/20_newsgroups,505.9996568335408,0.22942377437101918,0.19708020985126495
21,Entropy,SetFit/20_newsgroups,526.2673379407834,0.34823744575825005,0.24935993552207947
22,Entropy,SetFit/20_newsgroups,571.4485638427565,0.36803992294660215,0.2912178635597229
23,Entropy,SetFit/20_newsgroups,603.4239309449308,0.3646948273719902,0.2259514033794403
24,Entropy,SetFit/20_newsgroups,678.0729616952326,0.33097419028870867,0.2805347740650177
25,Entropy,SetFit/20_newsgroups,719.8998037456906,0.38267938740557705,0.30519747734069824
26,Entropy,SetFit/20_newsgroups,746.3239488581576,0.3572180877339574,0.27121374011039734
27,Entropy,SetFit/20_newsgroups,798.4889998548114,0.36512607120596013,0.22765086591243744
28,Entropy,SetFit/20_newsgroups,820.7924011584158,0.4797888544627675,0.3184710144996643
29,Entropy,SetFit/20_newsgroups,957.8639313272629,0.3804992995599087,0.2507573962211609
30,Entropy,SetFit/20_newsgroups,1010.343124819458,0.42850776798629353,0.25785133242607117
31,Entropy,SetFit/20_newsgroups,1171.0194268378818,0.42362909171784435,0.26823171973228455
32,Entropy,SetFit/20_newsgroups,1301.873746360648,0.42945184834503725,0.31567925214767456
33,Entropy,SetFit/20_newsgroups,1337.633506507346,0.4459792193770432,0.30329808592796326
34,Entropy,SetFit/20_newsgroups,1398.302606697467,0.48822925279749746,0.2959314286708832
35,Entropy,SetFit/20_newsgroups,1467.7390057011867,0.4298360022045816,0.26112663745880127
36,Entropy,SetFit/20_newsgroups,1513.583182909914,0.5207528867111246,0.315937340259552
37,Entropy,SetFit/20_newsgroups,1569.1944166426624,0.43624800969744504,0.2673952281475067
38,Entropy,SetFit/20_newsgroups,1653.693787106654,0.5010007914468273,0.2589094042778015
39,Entropy,SetFit/20_newsgroups,1734.5917515543695,0.5395030236148656,0.3326084017753601
0,LeastConfidence,SetFit/20_newsgroups,12.223710049969725,0.0,0.0
1,LeastConfidence,SetFit/20_newsgroups,38.292476287731716,0.0038834951456310682,0.021738313138484955
2,LeastConfidence,SetFit/20_newsgroups,45.48835231101905,0.009576875453652706,0.016043372452259064
3,LeastConfidence,SetFit/20_newsgroups,62.20841078018259,0.005956112852664578,0.0044551268219947815
4,LeastConfidence,SetFit/20_newsgroups,91.6306805478819,0.005806451612903225,0.003811020404100418
5,LeastConfidence,SetFit/20_newsgroups,196.05265789450215,0.00457516339869281,0.009402129799127579
6,LeastConfidence,SetFit/20_newsgroups,208.5534667059029,0.014300285597715217,0.011066418141126633
7,LeastConfidence,SetFit/20_newsgroups,245.23950726073232,0.0038461538461538464,0.017706166952848434
8,LeastConfidence,SetFit/20_newsgroups,260.058684806942,0.01403806047966632,0.0038521066308021545
9,LeastConfidence,SetFit/20_newsgroups,317.314995320216,0.08959505124244828,0.08986204862594604
10,LeastConfidence,SetFit/20_newsgroups,442.75478576158423,0.021006054216386315,0.0009262822568416595
11,LeastConfidence,SetFit/20_newsgroups,447.8642240487712,0.1741814117940188,0.18160495162010193
12,LeastConfidence,SetFit/20_newsgroups,479.1524360194687,0.11296242745518308,0.11005716025829315
13,LeastConfidence,SetFit/20_newsgroups,543.251059086092,0.23509193855027033,0.22928157448768616
14,LeastConfidence,SetFit/20_newsgroups,585.9835535882476,0.18356319262962723,0.18747583031654358
15,LeastConfidence,SetFit/20_newsgroups,643.3396291642491,0.2622894543974641,0.25010165572166443
16,LeastConfidence,SetFit/20_newsgroups,652.2963226457746,0.22712020936733684,0.2024749219417572
17,LeastConfidence,SetFit/20_newsgroups,663.980524693765,0.336866002200909,0.33348649740219116
18,LeastConfidence,SetFit/20_newsgroups,692.6023954226914,0.32209322227423004,0.28408023715019226
19,LeastConfidence,SetFit/20_newsgroups,717.5793722004953,0.3446716864349804,0.2981642484664917
20,LeastConfidence,SetFit/20_newsgroups,754.542886689128,0.35166862682578304,0.27986031770706177
21,LeastConfidence,SetFit/20_newsgroups,773.5175421403761,0.26925128332818227,0.2538047432899475
22,LeastConfidence,SetFit/20_newsgroups,793.1960952755392,0.37086641475711146,0.32534122467041016
23,LeastConfidence,SetFit/20_newsgroups,928.9511181890801,0.32311031481069474,0.2657948136329651
24,LeastConfidence,SetFit/20_newsgroups,1001.0195538374941,0.34304736333643643,0.24858175218105316
25,LeastConfidence,SetFit/20_newsgroups,1078.0767044675158,0.44201448466415183,0.3537841737270355
26,LeastConfidence,SetFit/20_newsgroups,1116.4830656297286,0.430395430214919,0.3020533323287964
27,LeastConfidence,SetFit/20_newsgroups,1153.8816439219697,0.373987268728668,0.28933805227279663
28,LeastConfidence,SetFit/20_newsgroups,1202.7781549720173,0.38965254215208595,0.32861560583114624
29,LeastConfidence,SetFit/20_newsgroups,1257.608088301847,0.42621254592696606,0.3283681273460388
30,LeastConfidence,SetFit/20_newsgroups,1319.7084693596462,0.454028675914577,0.3063419461250305
31,LeastConfidence,SetFit/20_newsgroups,1353.9499152003216,0.5045753876828203,0.3628306984901428
32,LeastConfidence,SetFit/20_newsgroups,1430.6890463238428,0.4535964657761176,0.35146698355674744
33,LeastConfidence,SetFit/20_newsgroups,1504.3592462043648,0.4384867910598323,0.3159870505332947
34,LeastConfidence,SetFit/20_newsgroups,1603.484785088275,0.44890874030056704,0.2708636522293091
35,LeastConfidence,SetFit/20_newsgroups,1667.5951035370301,0.506095734280495,0.3308510482311249
36,LeastConfidence,SetFit/20_newsgroups,1742.4083551965123,0.540203542255364,0.31614500284194946
37,LeastConfidence,SetFit/20_newsgroups,1785.8168058855074,0.5102743187184011,0.2889077961444855
38,LeastConfidence,SetFit/20_newsgroups,1889.3260568854766,0.505854814301449,0.2862546145915985
39,LeastConfidence,SetFit/20_newsgroups,1946.740719231997,0.47883235572767263,0.2761235535144806
0,Margin,SetFit/20_newsgroups,20.44960734175069,0.0,0.0
1,Margin,SetFit/20_newsgroups,35.37441009588215,0.007485525227460712,0.006286017596721649
2,Margin,SetFit/20_newsgroups,51.93093124474629,0.01376303780964798,0.00838281586766243
3,Margin,SetFit/20_newsgroups,57.547274734591504,0.003536977491961415,0.01827404275536537
4,Margin,SetFit/20_newsgroups,78.58263536839257,0.008017785427423981,0.003595784306526184
5,Margin,SetFit/20_newsgroups,156.78005901043116,0.005956112852664578,0.004902780055999756
6,Margin,SetFit/20_newsgroups,210.14392947412122,0.07426929018876878,0.07869153469800949
7,Margin,SetFit/20_newsgroups,261.60735495588045,0.017054766734279917,0.011154774576425552
8,Margin,SetFit/20_newsgroups,287.1987299298206,0.052622431915910185,0.047085054218769073
9,Margin,SetFit/20_newsgroups,315.11551701819565,0.040886752136752136,0.0624406561255455
10,Margin,SetFit/20_newsgroups,339.22044336175765,0.1264328148748517,0.12616665661334991
11,Margin,SetFit/20_newsgroups,378.07903120428256,0.0863974250053958,0.08828899264335632
12,Margin,SetFit/20_newsgroups,400.214265473437,0.10033688859040468,0.09801465272903442
13,Margin,SetFit/20_newsgroups,436.09446047233024,0.2305888312556708,0.241376593708992
14,Margin,SetFit/20_newsgroups,469.2506868181656,0.29463823715702314,0.28500327467918396
15,Margin,SetFit/20_newsgroups,497.2178818411742,0.14524118644732759,0.1291273534297943
16,Margin,SetFit/20_newsgroups,555.7708720400391,0.29867456105977785,0.2795025408267975
17,Margin,SetFit/20_newsgroups,588.4235911101646,0.28803490518844205,0.280522882938385
18,Margin,SetFit/20_newsgroups,619.7101606147227,0.3830261823489546,0.3257818818092346
19,Margin,SetFit/20_newsgroups,659.6020538974009,0.33473730902966287,0.2666665017604828
20,Margin,SetFit/20_newsgroups,740.1561231787373,0.4542786189464717,0.3428753614425659
21,Margin,SetFit/20_newsgroups,760.7895057949593,0.485745338117893,0.3817727565765381
22,Margin,SetFit/20_newsgroups,806.3740901435932,0.4183456885799128,0.33158135414123535
23,Margin,SetFit/20_newsgroups,854.9834991953342,0.43936173240247156,0.30479955673217773
24,Margin,SetFit/20_newsgroups,893.6334298084136,0.4598628516326285,0.3286239504814148
25,Margin,SetFit/20_newsgroups,943.8467760362323,0.5374300018147787,0.3746127486228943
26,Margin,SetFit/20_newsgroups,981.4234042789903,0.42116963204339497,0.27725544571876526
27,Margin,SetFit/20_newsgroups,1070.1963276046047,0.4674004844608916,0.35655757784843445
28,Margin,SetFit/20_newsgroups,1154.8919078159156,0.4740118030782603,0.2892892360687256
29,Margin,SetFit/20_newsgroups,1194.8097609251176,0.4748587479897627,0.32846543192863464
30,Margin,SetFit/20_newsgroups,1276.1888767812582,0.49101935305715827,0.3066442608833313
31,Margin,SetFit/20_newsgroups,1333.2916872386827,0.5190606749948957,0.3264492154121399
32,Margin,SetFit/20_newsgroups,1382.8367311170932,0.5388675499699179,0.3467194139957428
33,Margin,SetFit/20_newsgroups,1407.561909726823,0.5680219931021475,0.3636529743671417
34,Margin,SetFit/20_newsgroups,1448.9196218709626,0.5213918457503904,0.3262040913105011
35,Margin,SetFit/20_newsgroups,1482.6602768482628,0.546276843005661,0.3425914943218231
36,Margin,SetFit/20_newsgroups,1522.6296496226978,0.5201063876327185,0.3003455400466919
37,Margin,SetFit/20_newsgroups,1598.8793950158224,0.48966011596854936,0.3432992696762085
38,Margin,SetFit/20_newsgroups,1671.642829698068,0.5407787579085752,0.28839054703712463
39,Margin,SetFit/20_newsgroups,1726.6215071542658,0.5428940716699604,0.305336058139801
0,CoreSet,SetFit/20_newsgroups,16.575270598448046,0.0,0.0
1,CoreSet,SetFit/20_newsgroups,23.358808565344123,0.02968348442486373,0.02494622766971588
2,CoreSet,SetFit/20_newsgroups,32.96254686631206,0.01714497773379515,0.009323220700025558
3,CoreSet,SetFit/20_newsgroups,47.74439792734597,0.004153354632587859,0.01249852403998375
4,CoreSet,SetFit/20_newsgroups,63.87306034622726,0.004901960784313725,0.00688542053103447
5,CoreSet,SetFit/20_newsgroups,109.80957813079696,0.012270036794112942,0.008448358625173569
6,CoreSet,SetFit/20_newsgroups,130.9094427091839,0.01711111111111111,0.011122066527605057
7,CoreSet,SetFit/20_newsgroups,145.75672833554492,0.0047619047619047615,0.004298128187656403
8,CoreSet,SetFit/20_newsgroups,169.45942525408918,0.03312042818911686,0.004428621381521225
9,CoreSet,SetFit/20_newsgroups,188.51502571626645,0.04327334398564741,0.059370044618844986
10,CoreSet,SetFit/20_newsgroups,203.0017973358954,0.02717344474836434,0.014781743288040161
11,CoreSet,SetFit/20_newsgroups,239.08744696741607,0.09067032369095966,0.10648855566978455
12,CoreSet,SetFit/20_newsgroups,261.5916858550979,0.01380952380952381,0.017465613782405853
13,CoreSet,SetFit/20_newsgroups,284.834374599885,0.07775856139492503,0.10372984409332275
14,CoreSet,SetFit/20_newsgroups,317.87649660530275,0.30514387832620987,0.2629498541355133
15,CoreSet,SetFit/20_newsgroups,349.6660501284352,0.2478668598938769,0.2314823418855667
16,CoreSet,SetFit/20_newsgroups,382.7501760904352,0.22982426807411035,0.1718357652425766
17,CoreSet,SetFit/20_newsgroups,410.0328208747229,0.3244751568549831,0.2742438018321991
18,CoreSet,SetFit/20_newsgroups,438.3386792974499,0.21523854492469724,0.18198643624782562
19,CoreSet,SetFit/20_newsgroups,462.38173841175245,0.2661326396732598,0.23713451623916626
20,CoreSet,SetFit/20_newsgroups,494.58881448998403,0.3668126356146689,0.2758358120918274
21,CoreSet,SetFit/20_newsgroups,529.2756349835558,0.34273420213206846,0.2918969392776489
22,CoreSet,SetFit/20_newsgroups,547.7378589854783,0.2865527441180026,0.24127909541130066
23,CoreSet,SetFit/20_newsgroups,577.6814146212341,0.36788529267058795,0.3294278383255005
24,CoreSet,SetFit/20_newsgroups,624.885647920348,0.36895232177497805,0.2435864359140396
25,CoreSet,SetFit/20_newsgroups,649.5182522342873,0.30652858118174237,0.22916093468666077
26,CoreSet,SetFit/20_newsgroups,680.6247588028722,0.360087406126082,0.2424376904964447
27,CoreSet,SetFit/20_newsgroups,722.8124086905557,0.45882477038862524,0.31437841057777405
28,CoreSet,SetFit/20_newsgroups,759.8629144656342,0.4420115632557783,0.30478155612945557
29,CoreSet,SetFit/20_newsgroups,798.9205197768914,0.42682956354041474,0.25232911109924316
30,CoreSet,SetFit/20_newsgroups,881.2832478389865,0.4570887359195325,0.315569132566452
31,CoreSet,SetFit/20_newsgroups,904.2009833231737,0.4517260241809858,0.26272574067115784
32,CoreSet,SetFit/20_newsgroups,933.9374108541904,0.5139768448516163,0.34016233682632446
33,CoreSet,SetFit/20_newsgroups,978.8957739072702,0.4470469673995693,0.2615993022918701
34,CoreSet,SetFit/20_newsgroups,1015.5204670978129,0.38794606592002956,0.2338956892490387
35,CoreSet,SetFit/20_newsgroups,1038.2417025389063,0.4398060410024488,0.22696883976459503
36,CoreSet,SetFit/20_newsgroups,1104.339162346289,0.4396981299901925,0.22472724318504333
37,CoreSet,SetFit/20_newsgroups,1182.115707938009,0.4938216590687462,0.298173189163208
38,CoreSet,SetFit/20_newsgroups,1217.8061873313818,0.5251491776853914,0.29550817608833313
39,CoreSet,SetFit/20_newsgroups,1280.1635264729857,0.001639344262295082,0.05456218123435974
0,BADGE,SetFit/20_newsgroups,14.287605562479008,0.0,0.0
1,BADGE,SetFit/20_newsgroups,42.52743316295655,0.007187563093074905,0.009563900530338287
2,BADGE,SetFit/20_newsgroups,59.2675905774781,0.005956112852664578,0.002297199796885252
3,BADGE,SetFit/20_newsgroups,70.78290742148495,0.005063291139240507,0.0020710304379463196
4,BADGE,SetFit/20_newsgroups,92.47089013848993,0.026904921593050364,0.025556441396474838
5,BADGE,SetFit/20_newsgroups,116.43684554124223,0.010120367437440608,0.004836194217205048
6,BADGE,SetFit/20_newsgroups,135.10717332298788,0.005362776025236593,0.0005618631839752197
7,BADGE,SetFit/20_newsgroups,159.64891617366268,0.057822762331964775,0.045383404940366745
8,BADGE,SetFit/20_newsgroups,182.7143043348612,0.010148011100832563,0.009608902037143707
9,BADGE,SetFit/20_newsgroups,200.70544729455835,0.014676616915422885,0.015850532799959183
10,BADGE,SetFit/20_newsgroups,218.3978900344566,0.08663784796704369,0.11307018250226974
11,BADGE,SetFit/20_newsgroups,248.23595001625395,0.12000036048949089,0.10903763771057129
12,BADGE,SetFit/20_newsgroups,272.14477400599844,0.06908186843220568,0.0904892161488533
13,BADGE,SetFit/20_newsgroups,307.6649272099033,0.37637459945866536,0.3338761627674103
14,BADGE,SetFit/20_newsgroups,342.3420270686626,0.2283124572883545,0.20695409178733826
15,BADGE,SetFit/20_newsgroups,379.85610245585036,0.2545382158497944,0.22994090616703033
16,BADGE,SetFit/20_newsgroups,407.59343744058594,0.13466903080038858,0.15581904351711273
17,BADGE,SetFit/20_newsgroups,444.5682448563017,0.37147557699611183,0.31396594643592834
18,BADGE,SetFit/20_newsgroups,471.809263010888,0.3818915165334378,0.33941781520843506
19,BADGE,SetFit/20_newsgroups,496.11807386373135,0.4451821744964328,0.33615612983703613
20,BADGE,SetFit/20_newsgroups,664.7123139629833,0.4652207506290213,0.3504202365875244
21,BADGE,SetFit/20_newsgroups,707.1010635101078,0.3853771376343288,0.2959202527999878
22,BADGE,SetFit/20_newsgroups,747.4697610853588,0.5081068667538655,0.3492022752761841
23,BADGE,SetFit/20_newsgroups,797.7717816112279,0.47181004414656014,0.3587251901626587
24,BADGE,SetFit/20_newsgroups,836.1208577550408,0.44827154160001975,0.325916588306427
25,BADGE,SetFit/20_newsgroups,916.6893581949855,0.4876895534527114,0.31937456130981445
26,BADGE,SetFit/20_newsgroups,951.888601821788,0.46262323958300994,0.32173797488212585
27,BADGE,SetFit/20_newsgroups,977.6529239016193,0.44119876645839745,0.26756757497787476
28,BADGE,SetFit/20_newsgroups,1029.401774705629,0.4063688662337895,0.20486140251159668
29,BADGE,SetFit/20_newsgroups,1098.6820981030498,0.4756414725160999,0.2678461968898773
30,BADGE,SetFit/20_newsgroups,1189.9048165882937,0.479262582972482,0.2509363889694214
31,BADGE,SetFit/20_newsgroups,1236.2005090962716,0.5569285195608259,0.3576655387878418
32,BADGE,SetFit/20_newsgroups,1297.145444033505,0.4563842099167864,0.22552162408828735
33,BADGE,SetFit/20_newsgroups,1369.5161567698706,0.487479040026893,0.24767716228961945
34,BADGE,SetFit/20_newsgroups,1482.162370092632,0.5276436708105029,0.2584943175315857
35,BADGE,SetFit/20_newsgroups,1718.856960113371,0.535278647444426,0.24362005293369293
36,BADGE,SetFit/20_newsgroups,1824.8579259435487,0.5336766240718955,0.2513402998447418
37,BADGE,SetFit/20_newsgroups,1943.853620517979,0.5378228063826992,0.2434353530406952
38,BADGE,SetFit/20_newsgroups,2047.5646921581204,0.5227317694419622,0.19953547418117523
39,BADGE,SetFit/20_newsgroups,2094.476161991918,0.5143959636136396,0.20993061363697052
0,CAL-Linear,SetFit/20_newsgroups,1.217059081918163,0.0,0.0
1,CAL-Linear,SetFit/20_newsgroups,2.673112469985689,0.0045016077170418,0.015634283423423767
2,CAL-Linear,SetFit/20_newsgroups,4.3320828246505085,0.00625,0.005685891956090927
3,CAL-Linear,SetFit/20_newsgroups,6.134321744630496,0.00445859872611465,0.011652480810880661
4,CAL-Linear,SetFit/20_newsgroups,8.157367542978061,0.004067796610169492,0.015679333359003067
5,CAL-Linear,SetFit/20_newsgroups,10.368490508018866,0.005063291139240507,0.001095656305551529
6,CAL-Linear,SetFit/20_newsgroups,12.713510873661285,0.0047619047619047615,0.0077361613512039185
7,CAL-Linear,SetFit/20_newsgroups,15.156645820059957,0.008934426229508196,0.011107686907052994
8,CAL-Linear,SetFit/20_newsgroups,17.762808815137884,0.004318936877076412,0.013023249804973602
9,CAL-Linear,SetFit/20_newsgroups,20.50797354177004,0.03498673378770791,0.0501493364572525
10,CAL-Linear,SetFit/20_newsgroups,23.48779531009534,0.0038461538461538464,0.01748768612742424
11,CAL-Linear,SetFit/20_newsgroups,26.620906702875246,0.019589552238805968,0.0300472192466259
12,CAL-Linear,SetFit/20_newsgroups,30.008170640480206,0.10639970092765343,0.11702478677034378
13,CAL-Linear,SetFit/20_newsgroups,33.46705321033593,0.06303627715861758,0.08537321537733078
14,CAL-Linear,SetFit/20_newsgroups,37.15662341912529,0.14369850913240034,0.15767326951026917
15,CAL-Linear,SetFit/20_newsgroups,41.02456675081627,0.062387470507771256,0.0440174899995327
16,CAL-Linear,SetFit/20_newsgroups,45.03268033021826,0.09804093070666905,0.06712454557418823
17,CAL-Linear,SetFit/20_newsgroups,49.21630970156638,0.19792857414112122,0.189179927110672
18,CAL-Linear,SetFit/20_newsgroups,53.57586028123215,0.1998015880386072,0.1640741527080536
19,CAL-Linear,SetFit/20_newsgroups,58.332361429400954,0.2067918601677614,0.17865948379039764
20,CAL-Linear,SetFit/20_newsgroups,63.25849170412877,0.16053813244283027,0.1382993757724762
21,CAL-Linear,SetFit/20_newsgroups,68.45425168554698,0.21863384693252366,0.21284595131874084
22,CAL-Linear,SetFit/20_newsgroups,73.86477268785076,0.12420779174999279,0.1070161908864975
23,CAL-Linear,SetFit/20_newsgroups,79.5085305472129,0.3255002869892788,0.2560485005378723
24,CAL-Linear,SetFit/20_newsgroups,85.33194811382349,0.2926102788301618,0.22195735573768616
25,CAL-Linear,SetFit/20_newsgroups,91.53362852139864,0.38571244619232237,0.2932356297969818
26,CAL-Linear,SetFit/20_newsgroups,97.88587368756303,0.37855110337773523,0.29850316047668457
27,CAL-Linear,SetFit/20_newsgroups,104.63933539248166,0.4398590719038962,0.34819096326828003
28,CAL-Linear,SetFit/20_newsgroups,111.67690277680583,0.36874089544959177,0.2646505832672119
29,CAL-Linear,SetFit/20_newsgroups,118.97291376234656,0.4238991119925875,0.3012655973434448
30,CAL-Linear,SetFit/20_newsgroups,126.52644047638512,0.38461164768611494,0.24393433332443237
31,CAL-Linear,SetFit/20_newsgroups,134.48481467678263,0.4453842259010276,0.3039071261882782
32,CAL-Linear,SetFit/20_newsgroups,142.70321660892847,0.4116974577588772,0.26056647300720215
33,CAL-Linear,SetFit/20_newsgroups,151.51386516158598,0.39787241851008176,0.2679285705089569
34,CAL-Linear,SetFit/20_newsgroups,160.59832113386287,0.4602523039849169,0.29344290494918823
35,CAL-Linear,SetFit/20_newsgroups,170.36225608022508,0.4121786836665057,0.26847824454307556
36,CAL-Linear,SetFit/20_newsgroups,180.16097483154076,0.4183765456307757,0.28428593277931213
37,CAL-Linear,SetFit/20_newsgroups,190.63196008587298,0.48433604294946503,0.31582194566726685
38,CAL-Linear,SetFit/20_newsgroups,201.75753215170303,0.48217912152871,0.27646103501319885
39,CAL-Linear,SetFit/20_newsgroups,213.21210872431368,0.5033249209747177,0.29726678133010864
0,CAL-Log,SetFit/20_newsgroups,1.221619497293577,0.0,0.0
1,CAL-Log,SetFit/20_newsgroups,2.674690118906046,0.0047619047619047615,0.013543281704187393
2,CAL-Log,SetFit/20_newsgroups,4.3286479697183005,0.010883262687593081,0.015116646885871887
3,CAL-Log,SetFit/20_newsgroups,6.165610014223144,0.009180041489245552,0.016753654927015305
4,CAL-Log,SetFit/20_newsgroups,8.194205154139393,0.004777070063694268,0.004165470600128174
5,CAL-Log,SetFit/20_newsgroups,10.397964534779796,0.011159512117852051,0.008365288376808167
6,CAL-Log,SetFit/20_newsgroups,12.721172879057837,0.01505008241409915,0.003749687224626541
7,CAL-Log,SetFit/20_newsgroups,15.134439945769312,0.005144694533762058,0.001782391220331192
8,CAL-Log,SetFit/20_newsgroups,17.7426564228495,0.025867293625914313,0.023171693086624146
9,CAL-Log,SetFit/20_newsgroups,20.637447870079967,0.01821679615242323,0.01382109522819519
10,CAL-Log,SetFit/20_newsgroups,23.641156239674572,0.016651396055359986,0.015784576535224915
11,CAL-Log,SetFit/20_newsgroups,26.80858029410212,0.016297307952241498,0.006019420921802521
12,CAL-Log,SetFit/20_newsgroups,30.126839579736817,0.0640572586163483,0.09540201723575592
13,CAL-Log,SetFit/20_newsgroups,33.5754945731756,0.023592203898050976,0.025322306901216507
14,CAL-Log,SetFit/20_newsgroups,37.2740616616099,0.04285885682944506,0.040357887744903564
15,CAL-Log,SetFit/20_newsgroups,41.12201727028609,0.09869214001839557,0.07867100834846497
16,CAL-Log,SetFit/20_newsgroups,45.15768671892255,0.13129302749235447,0.11701329052448273
17,CAL-Log,SetFit/20_newsgroups,49.5478413296492,0.09267114732631157,0.07178926467895508
18,CAL-Log,SetFit/20_newsgroups,53.92943717006136,0.13890486040751998,0.12479497492313385
19,CAL-Log,SetFit/20_newsgroups,58.668548306276975,0.2153650738299943,0.17833080887794495
20,CAL-Log,SetFit/20_newsgroups,63.63017734136349,0.2586623790820304,0.21844588220119476
21,CAL-Log,SetFit/20_newsgroups,68.7687799205455,0.25746771730713536,0.21392156183719635
22,CAL-Log,SetFit/20_newsgroups,74.11351318495399,0.34317623841716655,0.29046139121055603
23,CAL-Log,SetFit/20_newsgroups,79.88958514091902,0.37929369158720294,0.29828253388404846
24,CAL-Log,SetFit/20_newsgroups,86.13456666935068,0.33961922933560273,0.25240597128868103
25,CAL-Log,SetFit/20_newsgroups,91.90889075771645,0.32887935144528896,0.2789352536201477
26,CAL-Log,SetFit/20_newsgroups,98.6885466534634,0.41923903382240396,0.3278670310974121
27,CAL-Log,SetFit/20_newsgroups,105.57276751952364,0.2668875977679558,0.23062101006507874
28,CAL-Log,SetFit/20_newsgroups,112.53944081120171,0.3619965338366197,0.2720078229904175
29,CAL-Log,SetFit/20_newsgroups,120.0206822692774,0.4270710106705399,0.29845666885375977
30,CAL-Log,SetFit/20_newsgroups,127.45393529365855,0.40450994416594266,0.30753403902053833
31,CAL-Log,SetFit/20_newsgroups,136.4107852245974,0.467304087664442,0.30104193091392517
32,CAL-Log,SetFit/20_newsgroups,145.53994662996396,0.42528863780078147,0.30263829231262207
33,CAL-Log,SetFit/20_newsgroups,154.86146512297418,0.42816666154912675,0.2873386740684509
34,CAL-Log,SetFit/20_newsgroups,165.01941897222838,0.40261198145311894,0.21758821606636047
35,CAL-Log,SetFit/20_newsgroups,175.12897412278392,0.45288286140998124,0.26918700337409973
36,CAL-Log,SetFit/20_newsgroups,186.9265987175907,0.4479282123288916,0.2794256806373596
37,CAL-Log,SetFit/20_newsgroups,199.16445627732722,0.46309930550011646,0.2732076048851013
38,CAL-Log,SetFit/20_newsgroups,212.1490496339756,0.4718503248563615,0.2672407031059265
39,CAL-Log,SetFit/20_newsgroups,225.46660646602325,0.519376620112953,0.3260014057159424
